id;fecha_licencia;referencias;numero_de_dias;observaciones;usuarios_mod
1;2019-11-05;Investor Manors;Buckinghamshire;feed brand;Graphic Interface
2;2019-11-05;bypass;applications;transparent Danish Krone Union;Chicken backing up Personal Loan Account
3;2019-11-05;maximized Checking Account;Kuwaiti Dinar El Salvador Colon US Dollar Club;e-business Metal optical;Checking Account function Steel
4;2019-11-05;discrete Mews green;Vista Liaison Bike;action-items;Steel Functionality copy
5;2019-11-05;quantify Forward infomediaries;Frozen panel Chicken;EXE Credit Card Account;Music
6;2019-11-05;Chicken transmit;networks;Avon Rustic Fresh Mouse vortals;Intranet Specialist Connecticut
7;2019-11-05;Group Frozen;Hawaii Managed Investment Account;holistic Licensed RAM;Interactions Consultant deposit
8;2019-11-05;Surinam Dollar;Associate Books mobile;syndicate Groves Pants;Face to face Engineer Automotive
9;2019-11-05;Planner Fresh withdrawal;CSS content;systemic program Practical Plastic Bacon;deliverables
10;2019-11-05;Fish;Handcrafted Metal Ball Spurs;multi-byte;payment
